-- 財務会計システム H2 デモ用初期データ

-- 課税取引マスタ（V100 と同じデータ）
INSERT INTO "課税取引マスタ" ("課税取引コード", "課税取引名", "税率") VALUES
('00', '免税', 0.000),
('08', '軽減税率8%', 0.080),
('10', '標準税率10%', 0.100),
('80', '非課税', 0.000),
('99', '対象外', 0.000);

-- 勘定科目マスタ（BS: 貸借対照表科目）
-- 資産の部（見出科目）
INSERT INTO "勘定科目マスタ" ("勘定科目コード", "勘定科目名", "勘定科目略名", "BSPL区分", "貸借区分", "取引要素区分", "集計区分", "消費税計算区分", "課税取引コード") VALUES
('11', '(資産の部）', '資産', 'BS', '借方', '資産', '見出科目', NULL, NULL);

-- 流動資産（集計科目）
INSERT INTO "勘定科目マスタ" ("勘定科目コード", "勘定科目名", "勘定科目略名", "BSPL区分", "貸借区分", "取引要素区分", "集計区分", "消費税計算区分", "課税取引コード") VALUES
('11000', '流動資産', '流動資産', 'BS', '借方', '資産', '集計科目', NULL, NULL);

-- 現金及び預金（集計科目）
INSERT INTO "勘定科目マスタ" ("勘定科目コード", "勘定科目名", "勘定科目略名", "BSPL区分", "貸借区分", "取引要素区分", "集計区分", "消費税計算区分", "課税取引コード") VALUES
('11190', '現金及び預金', '現預金', 'BS', '借方', '資産', '集計科目', NULL, NULL);

-- 現金（計上科目）
INSERT INTO "勘定科目マスタ" ("勘定科目コード", "勘定科目名", "勘定科目略名", "BSPL区分", "貸借区分", "取引要素区分", "集計区分", "消費税計算区分", "課税取引コード") VALUES
('11110', '現金', '現金', 'BS', '借方', '資産', '計上科目', '対象外', NULL),
('11120', '当座預金', '当座', 'BS', '借方', '資産', '計上科目', '対象外', NULL),
('11130', '普通預金', '普通', 'BS', '借方', '資産', '計上科目', '対象外', NULL);

-- 売上債権（集計科目）
INSERT INTO "勘定科目マスタ" ("勘定科目コード", "勘定科目名", "勘定科目略名", "BSPL区分", "貸借区分", "取引要素区分", "集計区分", "消費税計算区分", "課税取引コード") VALUES
('11290', '売上債権', '売上債権', 'BS', '借方', '資産', '集計科目', NULL, NULL),
('11210', '売掛金', '売掛金', 'BS', '借方', '資産', '計上科目', '対象外', NULL),
('11220', '受取手形', '受手', 'BS', '借方', '資産', '計上科目', '対象外', NULL);

-- 棚卸資産（集計科目）
INSERT INTO "勘定科目マスタ" ("勘定科目コード", "勘定科目名", "勘定科目略名", "BSPL区分", "貸借区分", "取引要素区分", "集計区分", "消費税計算区分", "課税取引コード") VALUES
('11390', '棚卸資産', '棚卸資産', 'BS', '借方', '資産', '集計科目', NULL, NULL),
('11310', '商品', '商品', 'BS', '借方', '資産', '計上科目', '課税', '10');

-- 固定資産
INSERT INTO "勘定科目マスタ" ("勘定科目コード", "勘定科目名", "勘定科目略名", "BSPL区分", "貸借区分", "取引要素区分", "集計区分", "消費税計算区分", "課税取引コード") VALUES
('12000', '固定資産', '固定資産', 'BS', '借方', '資産', '集計科目', NULL, NULL),
('12100', '有形固定資産', '有形固定', 'BS', '借方', '資産', '集計科目', NULL, NULL),
('12110', '建物', '建物', 'BS', '借方', '資産', '計上科目', '課税', '10'),
('12120', '土地', '土地', 'BS', '借方', '資産', '計上科目', '非課税', '00');

-- 負債の部（見出科目）
INSERT INTO "勘定科目マスタ" ("勘定科目コード", "勘定科目名", "勘定科目略名", "BSPL区分", "貸借区分", "取引要素区分", "集計区分", "消費税計算区分", "課税取引コード") VALUES
('21', '(負債の部）', '負債', 'BS', '貸方', '負債', '見出科目', NULL, NULL);

-- 流動負債
INSERT INTO "勘定科目マスタ" ("勘定科目コード", "勘定科目名", "勘定科目略名", "BSPL区分", "貸借区分", "取引要素区分", "集計区分", "消費税計算区分", "課税取引コード") VALUES
('21000', '流動負債', '流動負債', 'BS', '貸方', '負債', '集計科目', NULL, NULL),
('21110', '買掛金', '買掛金', 'BS', '貸方', '負債', '計上科目', '対象外', NULL),
('21120', '支払手形', '支手', 'BS', '貸方', '負債', '計上科目', '対象外', NULL),
('21200', '未払金', '未払金', 'BS', '貸方', '負債', '計上科目', '対象外', NULL);

-- 固定負債
INSERT INTO "勘定科目マスタ" ("勘定科目コード", "勘定科目名", "勘定科目略名", "BSPL区分", "貸借区分", "取引要素区分", "集計区分", "消費税計算区分", "課税取引コード") VALUES
('22000', '固定負債', '固定負債', 'BS', '貸方', '負債', '集計科目', NULL, NULL),
('22110', '長期借入金', '長借', 'BS', '貸方', '負債', '計上科目', '対象外', NULL);

-- 資本の部（見出科目）
INSERT INTO "勘定科目マスタ" ("勘定科目コード", "勘定科目名", "勘定科目略名", "BSPL区分", "貸借区分", "取引要素区分", "集計区分", "消費税計算区分", "課税取引コード") VALUES
('31', '(資本の部）', '資本', 'BS', '貸方', '資本', '見出科目', NULL, NULL),
('31000', '株主資本', '株主資本', 'BS', '貸方', '資本', '集計科目', NULL, NULL),
('31110', '資本金', '資本金', 'BS', '貸方', '資本', '計上科目', '対象外', NULL),
('31210', '資本剰余金', '資本剰余', 'BS', '貸方', '資本', '計上科目', '対象外', NULL),
('31310', '利益剰余金', '利益剰余', 'BS', '貸方', '資本', '計上科目', '対象外', NULL);

-- 勘定科目マスタ（PL: 損益計算書科目）
-- 収益
INSERT INTO "勘定科目マスタ" ("勘定科目コード", "勘定科目名", "勘定科目略名", "BSPL区分", "貸借区分", "取引要素区分", "集計区分", "消費税計算区分", "課税取引コード") VALUES
('41', '(収益の部）', '収益', 'PL', '貸方', '収益', '見出科目', NULL, NULL),
('41000', '売上高', '売上高', 'PL', '貸方', '収益', '集計科目', NULL, NULL),
('41110', '商品売上高', '商品売上', 'PL', '貸方', '収益', '計上科目', '課税', '10'),
('42000', '営業外収益', '営外収益', 'PL', '貸方', '収益', '集計科目', NULL, NULL),
('42110', '受取利息', '受利息', 'PL', '貸方', '収益', '計上科目', '非課税', '00');

-- 費用
INSERT INTO "勘定科目マスタ" ("勘定科目コード", "勘定科目名", "勘定科目略名", "BSPL区分", "貸借区分", "取引要素区分", "集計区分", "消費税計算区分", "課税取引コード") VALUES
('51', '(費用の部）', '費用', 'PL', '借方', '費用', '見出科目', NULL, NULL),
('51000', '売上原価', '売上原価', 'PL', '借方', '費用', '集計科目', NULL, NULL),
('51110', '商品仕入高', '商品仕入', 'PL', '借方', '費用', '計上科目', '課税', '10'),
('52000', '販売費及び一般管理費', '販管費', 'PL', '借方', '費用', '集計科目', NULL, NULL),
('52110', '給料手当', '給料', 'PL', '借方', '費用', '計上科目', '対象外', NULL),
('52210', '旅費交通費', '旅交費', 'PL', '借方', '費用', '計上科目', '課税', '10'),
('52310', '通信費', '通信費', 'PL', '借方', '費用', '計上科目', '課税', '10'),
('52410', '消耗品費', '消耗品', 'PL', '借方', '費用', '計上科目', '課税', '10'),
('52510', '水道光熱費', '水光熱', 'PL', '借方', '費用', '計上科目', '課税', '10'),
('52610', '支払家賃', '家賃', 'PL', '借方', '費用', '計上科目', '課税', '10'),
('52710', '減価償却費', '減償却', 'PL', '借方', '費用', '計上科目', '対象外', NULL),
('53000', '営業外費用', '営外費用', 'PL', '借方', '費用', '集計科目', NULL, NULL),
('53110', '支払利息', '支利息', 'PL', '借方', '費用', '計上科目', '非課税', '00');

-- 勘定科目構成マスタ（チルダ連結方式）
INSERT INTO "勘定科目構成マスタ" ("勘定科目コード", "勘定科目パス") VALUES
-- 資産の部
('11', '11'),
('11000', '11^11000'),
('11190', '11^11000^11190'),
('11110', '11^11000^11190^11110'),
('11120', '11^11000^11190^11120'),
('11130', '11^11000^11190^11130'),
('11290', '11^11000^11290'),
('11210', '11^11000^11290^11210'),
('11220', '11^11000^11290^11220'),
('11390', '11^11000^11390'),
('11310', '11^11000^11390^11310'),
('12000', '11^12000'),
('12100', '11^12000^12100'),
('12110', '11^12000^12100^12110'),
('12120', '11^12000^12100^12120'),
-- 負債の部
('21', '21'),
('21000', '21^21000'),
('21110', '21^21000^21110'),
('21120', '21^21000^21120'),
('21200', '21^21000^21200'),
('22000', '21^22000'),
('22110', '21^22000^22110'),
-- 資本の部
('31', '31'),
('31000', '31^31000'),
('31110', '31^31000^31110'),
('31210', '31^31000^31210'),
('31310', '31^31000^31310'),
-- 収益の部
('41', '41'),
('41000', '41^41000'),
('41110', '41^41000^41110'),
('42000', '41^42000'),
('42110', '41^42000^42110'),
-- 費用の部
('51', '51'),
('51000', '51^51000'),
('51110', '51^51000^51110'),
('52000', '51^52000'),
('52110', '51^52000^52110'),
('52210', '51^52000^52210'),
('52310', '51^52000^52310'),
('52410', '51^52000^52410'),
('52510', '51^52000^52510'),
('52610', '51^52000^52610'),
('52710', '51^52000^52710'),
('53000', '51^53000'),
('53110', '51^53000^53110');

-- 部門マスタ（V103 と同じデータ）
-- 全社（レベル0）
INSERT INTO "部門マスタ" ("部門コード", "部門名", "部門略名", "組織階層", "部門パス", "最下層フラグ")
VALUES ('10000', '全社', '全社', 0, '10000', 0);

-- 営業本部配下
INSERT INTO "部門マスタ" ("部門コード", "部門名", "部門略名", "組織階層", "部門パス", "最下層フラグ")
VALUES
('11000', '営業本部', '営業', 1, '10000~11000', 0),
('11100', '東日本営業部', '東日本', 2, '10000~11000~11100', 0),
('11110', '東日本営業課', '東日本営業', 3, '10000~11000~11100~11110', 1),
('11120', '東日本企画課', '東日本企画', 3, '10000~11000~11100~11120', 1),
('11200', '西日本営業部', '西日本', 2, '10000~11000~11200', 0),
('11210', '西日本営業課', '西日本営業', 3, '10000~11000~11200~11210', 1),
('11220', '西日本企画課', '西日本企画', 3, '10000~11000~11200~11220', 1),
('11300', '海外営業部', '海外', 2, '10000~11000~11300', 0),
('11310', 'アジア営業課', 'アジア営業', 3, '10000~11000~11300~11310', 1),
('11320', '欧米営業課', '欧米営業', 3, '10000~11000~11300~11320', 1);

-- 製造本部配下
INSERT INTO "部門マスタ" ("部門コード", "部門名", "部門略名", "組織階層", "部門パス", "最下層フラグ")
VALUES
('12000', '製造本部', '製造', 1, '10000~12000', 0),
('12100', '第一製造部', '第一製造', 2, '10000~12000~12100', 0),
('12110', '第一製造課', '一製課', 3, '10000~12000~12100~12110', 1),
('12120', '第一検査課', '一検課', 3, '10000~12000~12100~12120', 1),
('12200', '第二製造部', '第二製造', 2, '10000~12000~12200', 0),
('12210', '第二製造課', '二製課', 3, '10000~12000~12200~12210', 1),
('12220', '第二検査課', '二検課', 3, '10000~12000~12200~12220', 1),
('12300', '品質管理部', '品管', 2, '10000~12000~12300', 0),
('12310', '品質管理課', '品管課', 3, '10000~12000~12300~12310', 1);

-- 管理本部配下
INSERT INTO "部門マスタ" ("部門コード", "部門名", "部門略名", "組織階層", "部門パス", "最下層フラグ")
VALUES
('13000', '管理本部', '管理', 1, '10000~13000', 0),
('13100', '経理部', '経理', 2, '10000~13000~13100', 0),
('13110', '経理課', '経理課', 3, '10000~13000~13100~13110', 1),
('13120', '財務課', '財務課', 3, '10000~13000~13100~13120', 1),
('13200', '人事部', '人事', 2, '10000~13000~13200', 0),
('13210', '人事課', '人事課', 3, '10000~13000~13200~13210', 1),
('13220', '労務課', '労務課', 3, '10000~13000~13200~13220', 1),
('13300', '総務部', '総務', 2, '10000~13000~13300', 0),
('13310', '総務課', '総務課', 3, '10000~13000~13300~13310', 1),
('13320', '法務課', '法務課', 3, '10000~13000~13300~13320', 1);

-- 仕訳データ（サンプル）
INSERT INTO "仕訳データ" ("仕訳番号", "仕訳日付", "仕訳区分", "仕訳ステータス", "摘要", "作成者") VALUES
('JE-2024-0001', '2024-04-01', '通常', '確定', '4月度 売上計上', 'demo'),
('JE-2024-0002', '2024-04-05', '通常', '確定', '4月度 仕入計上', 'demo'),
('JE-2024-0003', '2024-04-10', '通常', '確定', '4月度 経費計上', 'demo'),
('JE-2024-0004', '2024-04-15', '通常', '入力中', '4月度 入金処理', 'demo');

-- 仕訳明細データ
INSERT INTO "仕訳明細データ" ("仕訳番号", "明細行番号", "明細摘要") VALUES
('JE-2024-0001', 1, 'A社向け商品売上'),
('JE-2024-0002', 1, 'B社からの仕入'),
('JE-2024-0003', 1, '事務用品購入'),
('JE-2024-0003', 2, '電気料金'),
('JE-2024-0004', 1, 'A社からの入金');

-- 仕訳貸借明細データ
INSERT INTO "仕訳貸借明細データ" ("仕訳番号", "明細行番号", "貸借行番号", "貸借区分", "勘定科目コード", "部門コード", "金額", "消費税額") VALUES
-- 売上仕訳（東日本営業課）
('JE-2024-0001', 1, 1, '借方', '11210', '11110', 110000, 10000),
('JE-2024-0001', 1, 2, '貸方', '41110', '11110', 110000, 10000),
-- 仕入仕訳（東日本営業課）
('JE-2024-0002', 1, 1, '借方', '51110', '11110', 55000, 5000),
('JE-2024-0002', 1, 2, '貸方', '21110', '11110', 55000, 5000),
-- 経費仕訳（消耗品：総務課）
('JE-2024-0003', 1, 1, '借方', '52410', '13310', 5500, 500),
('JE-2024-0003', 1, 2, '貸方', '11110', '13310', 5500, 500),
-- 経費仕訳（水道光熱費：総務課）
('JE-2024-0003', 2, 1, '借方', '52510', '13310', 22000, 2000),
('JE-2024-0003', 2, 2, '貸方', '11130', '13310', 22000, 2000),
-- 入金仕訳（東日本営業課）
('JE-2024-0004', 1, 1, '借方', '11130', '11110', 110000, 0),
('JE-2024-0004', 1, 2, '貸方', '11210', '11110', 110000, 0);

-- 月次勘定科目残高（サンプル）
INSERT INTO "月次勘定科目残高" ("勘定科目コード", "部門コード", "会計年度", "会計月", "期首残高", "借方合計", "貸方合計", "期末残高") VALUES
('11110', NULL, 2024, 4, 1000000, 0, 5500, 994500),
('11130', NULL, 2024, 4, 5000000, 110000, 22000, 5088000),
('11210', NULL, 2024, 4, 0, 110000, 110000, 0),
('21110', NULL, 2024, 4, 0, 0, 55000, 55000),
('41110', NULL, 2024, 4, 0, 0, 110000, 110000),
('51110', NULL, 2024, 4, 0, 55000, 0, 55000),
('52410', NULL, 2024, 4, 0, 5500, 0, 5500),
('52510', NULL, 2024, 4, 0, 22000, 0, 22000);
