-- 財務会計システム H2 デモ用初期データ

-- 勘定科目マスタ（BS: 貸借対照表科目）
-- 資産
INSERT INTO "勘定科目マスタ" ("勘定科目コード", "勘定科目名", "BSPL区分", "貸借区分", "集計区分", "課税区分", "表示順") VALUES
('1000', '資産', 'BS', '借方', '集計', NULL, 100),
('1100', '流動資産', 'BS', '借方', '集計', NULL, 110),
('1110', '現金預金', 'BS', '借方', '集計', NULL, 111),
('1111', '現金', 'BS', '借方', '明細', '対象外', 1111),
('1112', '普通預金', 'BS', '借方', '明細', '対象外', 1112),
('1113', '当座預金', 'BS', '借方', '明細', '対象外', 1113),
('1120', '売上債権', 'BS', '借方', '集計', NULL, 112),
('1121', '売掛金', 'BS', '借方', '明細', '対象外', 1121),
('1122', '受取手形', 'BS', '借方', '明細', '対象外', 1122),
('1130', '棚卸資産', 'BS', '借方', '集計', NULL, 113),
('1131', '商品', 'BS', '借方', '明細', '課税', 1131),
('1132', '製品', 'BS', '借方', '明細', '課税', 1132),
('1133', '原材料', 'BS', '借方', '明細', '課税', 1133),
('1200', '固定資産', 'BS', '借方', '集計', NULL, 120),
('1210', '有形固定資産', 'BS', '借方', '集計', NULL, 121),
('1211', '建物', 'BS', '借方', '明細', '課税', 1211),
('1212', '機械装置', 'BS', '借方', '明細', '課税', 1212),
('1213', '車両運搬具', 'BS', '借方', '明細', '課税', 1213),
('1214', '工具器具備品', 'BS', '借方', '明細', '課税', 1214),
('1215', '土地', 'BS', '借方', '明細', '非課税', 1215);

-- 負債
INSERT INTO "勘定科目マスタ" ("勘定科目コード", "勘定科目名", "BSPL区分", "貸借区分", "集計区分", "課税区分", "表示順") VALUES
('2000', '負債', 'BS', '貸方', '集計', NULL, 200),
('2100', '流動負債', 'BS', '貸方', '集計', NULL, 210),
('2110', '仕入債務', 'BS', '貸方', '集計', NULL, 211),
('2111', '買掛金', 'BS', '貸方', '明細', '対象外', 2111),
('2112', '支払手形', 'BS', '貸方', '明細', '対象外', 2112),
('2120', '未払金', 'BS', '貸方', '明細', '対象外', 2120),
('2130', '未払費用', 'BS', '貸方', '明細', '対象外', 2130),
('2140', '預り金', 'BS', '貸方', '明細', '対象外', 2140),
('2200', '固定負債', 'BS', '貸方', '集計', NULL, 220),
('2210', '長期借入金', 'BS', '貸方', '明細', '対象外', 2210);

-- 純資産
INSERT INTO "勘定科目マスタ" ("勘定科目コード", "勘定科目名", "BSPL区分", "貸借区分", "集計区分", "課税区分", "表示順") VALUES
('3000', '純資産', 'BS', '貸方', '集計', NULL, 300),
('3100', '株主資本', 'BS', '貸方', '集計', NULL, 310),
('3110', '資本金', 'BS', '貸方', '明細', '対象外', 3110),
('3120', '資本剰余金', 'BS', '貸方', '明細', '対象外', 3120),
('3130', '利益剰余金', 'BS', '貸方', '明細', '対象外', 3130);

-- 勘定科目マスタ（PL: 損益計算書科目）
-- 収益
INSERT INTO "勘定科目マスタ" ("勘定科目コード", "勘定科目名", "BSPL区分", "貸借区分", "集計区分", "課税区分", "表示順") VALUES
('4000', '収益', 'PL', '貸方', '集計', NULL, 400),
('4100', '売上高', 'PL', '貸方', '集計', NULL, 410),
('4110', '商品売上高', 'PL', '貸方', '明細', '課税', 4110),
('4120', '製品売上高', 'PL', '貸方', '明細', '課税', 4120),
('4200', '営業外収益', 'PL', '貸方', '集計', NULL, 420),
('4210', '受取利息', 'PL', '貸方', '明細', '非課税', 4210),
('4220', '受取配当金', 'PL', '貸方', '明細', '非課税', 4220);

-- 費用
INSERT INTO "勘定科目マスタ" ("勘定科目コード", "勘定科目名", "BSPL区分", "貸借区分", "集計区分", "課税区分", "表示順") VALUES
('5000', '費用', 'PL', '借方', '集計', NULL, 500),
('5100', '売上原価', 'PL', '借方', '集計', NULL, 510),
('5110', '商品仕入高', 'PL', '借方', '明細', '課税', 5110),
('5120', '製造原価', 'PL', '借方', '明細', '課税', 5120),
('5200', '販売費及び一般管理費', 'PL', '借方', '集計', NULL, 520),
('5210', '給料手当', 'PL', '借方', '明細', '対象外', 5210),
('5220', '法定福利費', 'PL', '借方', '明細', '対象外', 5220),
('5230', '旅費交通費', 'PL', '借方', '明細', '課税', 5230),
('5240', '通信費', 'PL', '借方', '明細', '課税', 5240),
('5250', '消耗品費', 'PL', '借方', '明細', '課税', 5250),
('5260', '水道光熱費', 'PL', '借方', '明細', '課税', 5260),
('5270', '支払家賃', 'PL', '借方', '明細', '課税', 5270),
('5280', '減価償却費', 'PL', '借方', '明細', '対象外', 5280),
('5300', '営業外費用', 'PL', '借方', '集計', NULL, 530),
('5310', '支払利息', 'PL', '借方', '明細', '非課税', 5310);

-- 勘定科目構成マスタ
INSERT INTO "勘定科目構成マスタ" ("勘定科目コード", "親勘定科目コード", "階層レベル", "勘定科目パス") VALUES
('1000', NULL, 1, '/1000'),
('1100', '1000', 2, '/1000/1100'),
('1110', '1100', 3, '/1000/1100/1110'),
('1111', '1110', 4, '/1000/1100/1110/1111'),
('1112', '1110', 4, '/1000/1100/1110/1112'),
('1113', '1110', 4, '/1000/1100/1110/1113'),
('2000', NULL, 1, '/2000'),
('2100', '2000', 2, '/2000/2100'),
('2111', '2110', 4, '/2000/2100/2110/2111'),
('3000', NULL, 1, '/3000'),
('4000', NULL, 1, '/4000'),
('5000', NULL, 1, '/5000');

-- 部門マスタ
INSERT INTO "部門マスタ" ("部門コード", "部門名", "親部門コード") VALUES
('0000', '全社', NULL),
('1000', '営業部', '0000'),
('1100', '営業1課', '1000'),
('1200', '営業2課', '1000'),
('2000', '管理部', '0000'),
('2100', '経理課', '2000'),
('2200', '総務課', '2000');

-- 仕訳データ（サンプル）
INSERT INTO "仕訳データ" ("仕訳番号", "仕訳日付", "仕訳区分", "仕訳ステータス", "摘要", "作成者") VALUES
('JE-2024-0001', '2024-04-01', '通常', '確定', '4月度 売上計上', 'demo'),
('JE-2024-0002', '2024-04-05', '通常', '確定', '4月度 仕入計上', 'demo'),
('JE-2024-0003', '2024-04-10', '通常', '確定', '4月度 経費計上', 'demo'),
('JE-2024-0004', '2024-04-15', '通常', '入力中', '4月度 入金処理', 'demo');

-- 仕訳明細データ
INSERT INTO "仕訳明細データ" ("仕訳番号", "明細行番号", "明細摘要") VALUES
('JE-2024-0001', 1, 'A社向け商品売上'),
('JE-2024-0002', 1, 'B社からの仕入'),
('JE-2024-0003', 1, '事務用品購入'),
('JE-2024-0003', 2, '電気料金'),
('JE-2024-0004', 1, 'A社からの入金');

-- 仕訳貸借明細データ
INSERT INTO "仕訳貸借明細データ" ("仕訳番号", "明細行番号", "貸借行番号", "貸借区分", "勘定科目コード", "部門コード", "金額", "消費税額") VALUES
-- 売上仕訳
('JE-2024-0001', 1, 1, '借方', '1121', '1100', 110000, 10000),
('JE-2024-0001', 1, 2, '貸方', '4110', '1100', 110000, 10000),
-- 仕入仕訳
('JE-2024-0002', 1, 1, '借方', '5110', '1100', 55000, 5000),
('JE-2024-0002', 1, 2, '貸方', '2111', '1100', 55000, 5000),
-- 経費仕訳（消耗品）
('JE-2024-0003', 1, 1, '借方', '5250', '2200', 5500, 500),
('JE-2024-0003', 1, 2, '貸方', '1111', '2200', 5500, 500),
-- 経費仕訳（水道光熱費）
('JE-2024-0003', 2, 1, '借方', '5260', '2200', 22000, 2000),
('JE-2024-0003', 2, 2, '貸方', '1112', '2200', 22000, 2000),
-- 入金仕訳
('JE-2024-0004', 1, 1, '借方', '1112', '1100', 110000, 0),
('JE-2024-0004', 1, 2, '貸方', '1121', '1100', 110000, 0);

-- 月次勘定科目残高（サンプル）
INSERT INTO "月次勘定科目残高" ("勘定科目コード", "部門コード", "会計年度", "会計月", "期首残高", "借方合計", "貸方合計", "期末残高") VALUES
('1111', NULL, 2024, 4, 1000000, 0, 5500, 994500),
('1112', NULL, 2024, 4, 5000000, 110000, 22000, 5088000),
('1121', NULL, 2024, 4, 0, 110000, 110000, 0),
('2111', NULL, 2024, 4, 0, 0, 55000, 55000),
('4110', NULL, 2024, 4, 0, 0, 110000, 110000),
('5110', NULL, 2024, 4, 0, 55000, 0, 55000),
('5250', NULL, 2024, 4, 0, 5500, 0, 5500),
('5260', NULL, 2024, 4, 0, 22000, 0, 22000);
