-- ==================================================
-- 生産管理システム（PMS）デモ用初期データ
-- ==================================================

-- --------------------------------------------------
-- 部門マスタ
-- --------------------------------------------------
INSERT INTO "部門マスタ" ("部門コード", "部門名", "部門パス", "最下層区分", "有効開始日", "作成者", "更新者") VALUES
('D001', '本社', '本社', FALSE, '2024-01-01', 'system', 'system'),
('D002', '製造部', '本社/製造部', FALSE, '2024-01-01', 'system', 'system'),
('D003', '製造1課', '本社/製造部/製造1課', TRUE, '2024-01-01', 'system', 'system'),
('D004', '製造2課', '本社/製造部/製造2課', TRUE, '2024-01-01', 'system', 'system'),
('D005', '品質管理部', '本社/品質管理部', TRUE, '2024-01-01', 'system', 'system'),
('D006', '購買部', '本社/購買部', TRUE, '2024-01-01', 'system', 'system'),
('D007', '倉庫管理部', '本社/倉庫管理部', TRUE, '2024-01-01', 'system', 'system');

-- --------------------------------------------------
-- 担当者マスタ
-- --------------------------------------------------
INSERT INTO "担当者マスタ" ("担当者コード", "担当者名", "部門コード", "メールアドレス", "有効開始日", "作成者", "更新者") VALUES
('E001', '山田太郎', 'D003', 'yamada@example.com', '2024-01-01', 'system', 'system'),
('E002', '鈴木花子', 'D004', 'suzuki@example.com', '2024-01-01', 'system', 'system'),
('E003', '佐藤次郎', 'D005', 'sato@example.com', '2024-01-01', 'system', 'system'),
('E004', '田中三郎', 'D006', 'tanaka@example.com', '2024-01-01', 'system', 'system'),
('E005', '高橋四郎', 'D007', 'takahashi@example.com', '2024-01-01', 'system', 'system');

-- --------------------------------------------------
-- 場所マスタ
-- --------------------------------------------------
INSERT INTO "場所マスタ" ("場所コード", "場所名", "場所種類", "部門コード", "作成者", "更新者") VALUES
('L001', '本社工場', '工場', 'D002', 'system', 'system'),
('L002', '製造ライン1', 'ライン', 'D003', 'system', 'system'),
('L003', '製造ライン2', 'ライン', 'D004', 'system', 'system'),
('L004', '原材料倉庫', '倉庫', 'D007', 'system', 'system'),
('L005', '製品倉庫', '倉庫', 'D007', 'system', 'system'),
('L006', '検査エリア', '検査', 'D005', 'system', 'system');

-- --------------------------------------------------
-- 単位マスタ
-- --------------------------------------------------
INSERT INTO "単位マスタ" ("単位コード", "単位名", "作成者", "更新者") VALUES
('PCS', '個', 'system', 'system'),
('KG', 'kg', 'system', 'system'),
('M', 'm', 'system', 'system'),
('L', 'L', 'system', 'system'),
('SET', 'セット', 'system', 'system'),
('BOX', '箱', 'system', 'system');

-- --------------------------------------------------
-- 品目マスタ
-- --------------------------------------------------
INSERT INTO "品目マスタ" ("品目コード", "品目名", "品目区分", "単位コード", "場所コード", "リードタイム", "歩留率", "有効開始日", "作成者", "更新者") VALUES
('P001', '完成品A', '製品', 'PCS', 'L005', 5, 98.00, '2024-01-01', 'system', 'system'),
('P002', '完成品B', '製品', 'PCS', 'L005', 7, 97.00, '2024-01-01', 'system', 'system'),
('H001', '半製品X', '半製品', 'PCS', 'L002', 3, 99.00, '2024-01-01', 'system', 'system'),
('H002', '半製品Y', '半製品', 'PCS', 'L003', 2, 99.50, '2024-01-01', 'system', 'system'),
('C001', '部品α', '部品', 'PCS', 'L004', 10, 100.00, '2024-01-01', 'system', 'system'),
('C002', '部品β', '部品', 'PCS', 'L004', 14, 100.00, '2024-01-01', 'system', 'system'),
('C003', '部品γ', '部品', 'PCS', 'L004', 7, 100.00, '2024-01-01', 'system', 'system'),
('M001', '材料A', '材料', 'KG', 'L004', 21, 100.00, '2024-01-01', 'system', 'system'),
('M002', '材料B', '材料', 'M', 'L004', 14, 100.00, '2024-01-01', 'system', 'system');

-- --------------------------------------------------
-- 部品構成表（BOM）
-- --------------------------------------------------
INSERT INTO "部品構成表" ("親品目コード", "子品目コード", "工順", "基準量", "必要量", "不良率", "有効開始日", "作成者", "更新者") VALUES
('P001', 'H001', 1, 1, 2, 1.00, '2024-01-01', 'system', 'system'),
('P001', 'C001', 1, 1, 4, 0.50, '2024-01-01', 'system', 'system'),
('P002', 'H002', 1, 1, 1, 1.00, '2024-01-01', 'system', 'system'),
('P002', 'C002', 1, 1, 3, 0.50, '2024-01-01', 'system', 'system'),
('H001', 'C003', 1, 1, 2, 0.00, '2024-01-01', 'system', 'system'),
('H001', 'M001', 1, 1, 0.5, 2.00, '2024-01-01', 'system', 'system'),
('H002', 'C003', 1, 1, 1, 0.00, '2024-01-01', 'system', 'system'),
('H002', 'M002', 1, 1, 1.5, 1.00, '2024-01-01', 'system', 'system');

-- --------------------------------------------------
-- 工程マスタ
-- --------------------------------------------------
INSERT INTO "工程マスタ" ("工程コード", "工程名", "工程区分", "場所コード", "作成者", "更新者") VALUES
('PR001', '切断工程', '加工', 'L002', 'system', 'system'),
('PR002', '成形工程', '加工', 'L002', 'system', 'system'),
('PR003', '組立工程', '組立', 'L002', 'system', 'system'),
('PR004', '塗装工程', '仕上', 'L003', 'system', 'system'),
('PR005', '検査工程', '検査', 'L006', 'system', 'system'),
('PR006', '梱包工程', '梱包', 'L005', 'system', 'system');

-- --------------------------------------------------
-- 工程表
-- --------------------------------------------------
INSERT INTO "工程表" ("品目コード", "工順", "工程コード", "標準作業時間", "段取時間", "作成者", "更新者") VALUES
('P001', 1, 'PR003', 30.00, 15.00, 'system', 'system'),
('P001', 2, 'PR004', 45.00, 20.00, 'system', 'system'),
('P001', 3, 'PR005', 10.00, 5.00, 'system', 'system'),
('P001', 4, 'PR006', 5.00, 2.00, 'system', 'system'),
('P002', 1, 'PR003', 25.00, 10.00, 'system', 'system'),
('P002', 2, 'PR005', 15.00, 5.00, 'system', 'system'),
('P002', 3, 'PR006', 5.00, 2.00, 'system', 'system'),
('H001', 1, 'PR001', 10.00, 5.00, 'system', 'system'),
('H001', 2, 'PR002', 20.00, 10.00, 'system', 'system'),
('H002', 1, 'PR001', 8.00, 5.00, 'system', 'system'),
('H002', 2, 'PR002', 15.00, 8.00, 'system', 'system');

-- --------------------------------------------------
-- 取引先マスタ
-- --------------------------------------------------
INSERT INTO "取引先マスタ" ("取引先コード", "取引先名", "取引先区分", "郵便番号", "住所", "電話番号", "作成者", "更新者") VALUES
('S001', '部品商事株式会社', '仕入先', '100-0001', '東京都千代田区1-1-1', '03-1111-1111', 'system', 'system'),
('S002', '材料工業株式会社', '仕入先', '200-0002', '神奈川県横浜市2-2-2', '045-2222-2222', 'system', 'system'),
('S003', '加工サービス株式会社', '外注先', '300-0003', '埼玉県さいたま市3-3-3', '048-3333-3333', 'system', 'system'),
('C001', '販売商事株式会社', '顧客', '400-0004', '大阪府大阪市4-4-4', '06-4444-4444', 'system', 'system'),
('C002', '流通株式会社', '顧客', '500-0005', '愛知県名古屋市5-5-5', '052-5555-5555', 'system', 'system');

-- --------------------------------------------------
-- 単価マスタ
-- --------------------------------------------------
INSERT INTO "単価マスタ" ("品目コード", "取引先コード", "ロット単位数", "単価", "通貨コード", "有効開始日", "作成者", "更新者") VALUES
('C001', 'S001', 100, 150.00, 'JPY', '2024-01-01', 'system', 'system'),
('C002', 'S001', 100, 200.00, 'JPY', '2024-01-01', 'system', 'system'),
('C003', 'S001', 50, 80.00, 'JPY', '2024-01-01', 'system', 'system'),
('M001', 'S002', 1, 500.00, 'JPY', '2024-01-01', 'system', 'system'),
('M002', 'S002', 1, 120.00, 'JPY', '2024-01-01', 'system', 'system'),
('P001', 'C001', 1, 5000.00, 'JPY', '2024-01-01', 'system', 'system'),
('P002', 'C001', 1, 3500.00, 'JPY', '2024-01-01', 'system', 'system'),
('P001', 'C002', 1, 4800.00, 'JPY', '2024-01-01', 'system', 'system'),
('P002', 'C002', 1, 3300.00, 'JPY', '2024-01-01', 'system', 'system');

-- --------------------------------------------------
-- カレンダマスタ（2024年1月のサンプル）
-- --------------------------------------------------
INSERT INTO "カレンダマスタ" ("カレンダ日付", "就業日区分", "就業時間", "シフト", "作成者", "更新者") VALUES
('2024-01-01', '祝日', 0.00, NULL, 'system', 'system'),
('2024-01-02', '休日', 0.00, NULL, 'system', 'system'),
('2024-01-03', '休日', 0.00, NULL, 'system', 'system'),
('2024-01-04', '稼働日', 8.00, '日勤', 'system', 'system'),
('2024-01-05', '稼働日', 8.00, '日勤', 'system', 'system'),
('2024-01-06', '休日', 0.00, NULL, 'system', 'system'),
('2024-01-07', '休日', 0.00, NULL, 'system', 'system'),
('2024-01-08', '祝日', 0.00, NULL, 'system', 'system'),
('2024-01-09', '稼働日', 8.00, '日勤', 'system', 'system'),
('2024-01-10', '稼働日', 8.00, '日勤', 'system', 'system');

-- --------------------------------------------------
-- 欠点マスタ
-- --------------------------------------------------
INSERT INTO "欠点マスタ" ("欠点コード", "欠点名", "欠点区分", "作成者", "更新者") VALUES
('DF001', 'キズ', '外観', 'system', 'system'),
('DF002', '変形', '形状', 'system', 'system'),
('DF003', '寸法不良', '寸法', 'system', 'system'),
('DF004', '色ムラ', '外観', 'system', 'system'),
('DF005', '組付不良', '機能', 'system', 'system'),
('DF006', '動作不良', '機能', 'system', 'system');
